At. num,Sp. Name,El. Name,Ground Shells (a),Ground Config.,Prefix,Ionization Energy (eV),Suffix,References,
"=""1""","=""H I""","=""Hydrogen""","=""1s""","=""1s""","=""(""","=""13.598434599702""","="")""","=""HDEL""",
"=""2""","=""He I""","=""Helium""","=""1s2""","=""1s2""","=""""","=""24.587389011""","=""""","=""L17714""",
"=""3""","=""Li I""","=""Lithium""","=""1s2.2s""","=""1s2.2s""","=""""","=""5.391714996""","=""""","=""L12261""",
"=""4""","=""Be I""","=""Beryllium""","=""1s2.2s2""","=""1s2.2s2""","=""""","=""9.322699""","=""""","=""L5964""",
"=""5""","=""B I""","=""Boron""","=""1s2.2s2.2p""","=""2s2.2p""","=""""","=""8.298019""","=""""","=""L12312""",
"=""6""","=""C I""","=""Carbon""","=""1s2.2s2.2p2""","=""2s2.2p2""","=""""","=""11.2602880""","=""""","=""L20057""",
"=""7""","=""N I""","=""Nitrogen""","=""1s2.2s2.2p3""","=""2s2.2p3""","=""""","=""14.53413""","=""""","=""L1411""",
"=""8""","=""O I""","=""Oxygen""","=""1s2.2s2.2p4""","=""2s2.2p4""","=""""","=""13.618055""","=""""","=""L74,L3760""",
"=""9""","=""F I""","=""Fluorine""","=""1s2.2s2.2p5""","=""2s2.2p5""","=""""","=""17.42282""","=""""","=""L7481,L526""",
"=""10""","=""Ne I""","=""Neon""","=""1s2.2s2.2p6""","=""2s2.2p6""","=""""","=""21.564541""","=""""","=""L8826,L1407""",
"=""11""","=""Na I""","=""Sodium""","=""[Ne].3s""","=""2p6.3s""","=""""","=""5.13907696""","=""""","=""L10921,L9648""",
"=""12""","=""Mg I""","=""Magnesium""","=""[Ne].3s2""","=""2p6.3s2""","=""""","=""7.646236""","=""""","=""L10635,L6969""",
"=""13""","=""Al I""","=""Aluminum""","=""[Ne].3s2.3p""","=""3s2.3p""","=""""","=""5.985769""","=""""","=""L7215,L10321""",
"=""14""","=""Si I""","=""Silicon""","=""[Ne].3s2.3p2""","=""3s2.3p2""","=""""","=""8.15168""","=""""","=""L5815""",
"=""15""","=""P I""","=""Phosphorus""","=""[Ne].3s2.3p3""","=""3s2.3p3""","=""""","=""10.486686""","=""""","=""L5148""",
"=""16""","=""S I""","=""Sulfur""","=""[Ne].3s2.3p4""","=""3s2.3p4""","=""""","=""10.3600167""","=""""","=""L23116""",
"=""17""","=""Cl I""","=""Chlorine""","=""[Ne].3s2.3p5""","=""3s2.3p5""","=""""","=""12.967633""","=""""","=""L19191""",
"=""18""","=""Ar I""","=""Argon""","=""[Ne].3s2.3p6""","=""3s2.3p6""","=""""","=""15.7596119""","=""""","=""L9217""",
"=""19""","=""K I""","=""Potassium""","=""[Ar].4s""","=""3p6.4s""","=""""","=""4.34066373""","=""""","=""L5451,L5783,L7185""",
"=""20""","=""Ca I""","=""Calcium""","=""[Ar].4s2""","=""3p6.4s2""","=""""","=""6.1131549210""","=""""","=""L22848""",
"=""21""","=""Sc I""","=""Scandium""","=""[Ar].3d.4s2""","=""3d.4s2""","=""""","=""6.56149""","=""""","=""L7185,L2110""",
"=""22""","=""Ti I""","=""Titanium""","=""[Ar].3d2.4s2""","=""3d2.4s2""","=""""","=""6.828120""","=""""","=""L17996""",
"=""23""","=""V I""","=""Vanadium""","=""[Ar].3d3.4s2""","=""3d3.4s2""","=""""","=""6.746187""","=""""","=""L17712,L20010""",
"=""24""","=""Cr I""","=""Chromium""","=""[Ar].3d5.4s""","=""3d5.(6S).4s""","=""""","=""6.76651""","=""""","=""L7185,L2832""",
"=""25""","=""Mn I""","=""Manganese""","=""[Ar].3d5.4s2""","=""3d5.4s2""","=""""","=""7.4340380""","=""""","=""L19057""",
"=""26""","=""Fe I""","=""Iron""","=""[Ar].3d6.4s2""","=""3d6.4s2""","=""""","=""7.9024681""","=""""","=""L7743c109""",
"=""27""","=""Co I""","=""Cobalt""","=""[Ar].3d7.4s2""","=""3p6.3d7.4s2""","=""""","=""7.88101""","=""""","=""L10545""",
"=""28""","=""Ni I""","=""Nickel""","=""[Ar].3d8.4s2""","=""3d8.(3F).4s2""","=""""","=""7.639878""","=""""","=""L12369""",
"=""29""","=""Cu I""","=""Copper""","=""[Ar].3d10.4s""","=""3d10.4s""","=""""","=""7.726380""","=""""","=""L14897""",
"=""30""","=""Zn I""","=""Zinc""","=""[Ar].3d10.4s2""","=""3d10.4s2""","=""""","=""9.394197""","=""""","=""L13951""",
"=""31""","=""Ga I""","=""Gallium""","=""[Ar].3d10.4s2.4p""","=""3d10.4s2.4p""","=""""","=""5.9993020""","=""""","=""L5566""",
"=""32""","=""Ge I""","=""Germanium""","=""[Ar].3d10.4s2.4p2""","=""4s2.4p2""","=""""","=""7.899435""","=""""","=""L3935,L12369""",
"=""33""","=""As I""","=""Arsenic""","=""[Ar].3d10.4s2.4p3""","=""4s2.4p3""","=""""","=""9.78855""","=""""","=""L1351""",
"=""34""","=""Se I""","=""Selenium""","=""[Ar].3d10.4s2.4p4""","=""4s2.4p4""","=""""","=""9.752368""","=""""","=""L21645""",
"=""35""","=""Br I""","=""Bromine""","=""[Ar].3d10.4s2.4p5""","=""4s2.4p5""","=""""","=""11.81381""","=""""","=""L351,L67""",
"=""36""","=""Kr I""","=""Krypton""","=""[Ar].3d10.4s2.4p6""","=""4s2.4p6""","=""""","=""13.9996055""","=""""","=""L12196""",
"=""37""","=""Rb I""","=""Rubidium""","=""[Kr].5s""","=""4p6.5s""","=""""","=""4.1771281""","=""""","=""L4740,L5783""",
"=""38""","=""Sr I""","=""Strontium""","=""[Kr].5s2""","=""5s2""","=""""","=""5.69486745""","=""""","=""L15350,L5644""",
"=""39""","=""Y I""","=""Yttrium""","=""[Kr].4d.5s2""","=""4d.5s2""","=""""","=""6.21726""","=""""","=""L8844,L2111,L9735""",
"=""40""","=""Zr I""","=""Zirconium""","=""[Kr].4d2.5s2""","=""4d2.5s2""","=""""","=""6.634126""","=""""","=""L21107""",
"=""41""","=""Nb I""","=""Niobium""","=""[Kr].4d4.5s""","=""4d4.(5D).5s""","=""""","=""6.75885""","=""""","=""L6829""",
"=""42""","=""Mo I""","=""Molybdenum""","=""[Kr].4d5.5s""","=""4d5.(6S).5s""","=""""","=""7.09243""","=""""","=""L6829""",
"=""43""","=""Tc I""","=""Technetium""","=""[Kr].4d5.5s2""","=""4d5.5s2""","=""""","=""7.11938""","=""""","=""L15237""",
"=""44""","=""Ru I""","=""Ruthenium""","=""[Kr].4d7.5s""","=""4d7.(4F).5s""","=""""","=""7.36050""","=""""","=""L10032""",
"=""45""","=""Rh I""","=""Rhodium""","=""[Kr].4d8.5s""","=""4d8.(3F).5s""","=""""","=""7.45890""","=""""","=""L10032""",
"=""46""","=""Pd I""","=""Palladium""","=""[Kr].4d10""","=""4d10""","=""""","=""8.336839""","=""""","=""L20363""",
"=""47""","=""Ag I""","=""Silver""","=""[Kr].4d10.5s""","=""4d10.5s""","=""""","=""7.576234""","=""""","=""L11835""",
"=""48""","=""Cd I""","=""Cadmium""","=""[Kr].4d10.5s2""","=""4d10.5s2""","=""""","=""8.993820""","=""""","=""L18843""",
"=""49""","=""In I""","=""Indium""","=""[Cd].5p""","=""5s2.5p""","=""""","=""5.7863558""","=""""","=""L21649""",
"=""50""","=""Sn I""","=""Tin""","=""[Cd].5p2""","=""5s2.5p2""","=""""","=""7.343918""","=""""","=""L3936""",
"=""51""","=""Sb I""","=""Antimony""","=""[Cd].5p3""","=""5p3""","=""""","=""8.608389""","=""""","=""L8844,L6684""",
"=""52""","=""Te I""","=""Tellurium""","=""[Cd].5p4""","=""5p4""","=""""","=""9.009808""","=""""","=""L21109""",
"=""53""","=""I I""","=""Iodine""","=""[Cd].5p5""","=""5s2.5p5""","=""""","=""10.451236""","=""""","=""L13998,L22518""",
"=""54""","=""Xe I""","=""Xenon""","=""[Cd].5p6""","=""5p6""","=""""","=""12.1298437""","=""""","=""L12013,L9794,L6426""",
"=""55""","=""Cs I""","=""Cesium""","=""[Xe].6s""","=""5p6.6s""","=""""","=""3.89390572743""","=""""","=""L19479""",
"=""56""","=""Ba I""","=""Barium""","=""[Xe].6s2""","=""6s2""","=""""","=""5.2116646""","=""""","=""L6347,L9224""",
"=""57""","=""La I""","=""Lanthanum""","=""[Xe].5d.6s2""","=""5d.6s2""","=""""","=""5.5769""","=""""","=""L3974,L16228""",
"=""58""","=""Ce I""","=""Cerium""","=""[Xe].4f.5d.6s2""","=""4f.5d.6s2""","=""""","=""5.5386""","=""""","=""L4277""",
"=""59""","=""Pr I""","=""Praseodymium""","=""[Xe].4f3.6s2""","=""4f3.6s2""","=""[""","=""5.4702""","=""]""","=""L19006""",
"=""60""","=""Nd I""","=""Neodymium""","=""[Xe].4f4.6s2""","=""4f4.6s2""","=""""","=""5.52475""","=""""","=""L23155""",
"=""61""","=""Pm I""","=""Promethium""","=""[Xe].4f5.6s2""","=""4f5.6s2""","=""""","=""5.58187""","=""""","=""L20992""",
"=""62""","=""Sm I""","=""Samarium""","=""[Xe].4f6.6s2""","=""4f6.6s2""","=""""","=""5.643722""","=""""","=""L21624""",
"=""63""","=""Eu I""","=""Europium""","=""[Xe].4f7.6s2""","=""4f7.6s2""","=""""","=""5.670385""","=""""","=""L13382""",
"=""64""","=""Gd I""","=""Gadolinium""","=""[Xe].4f7.5d.6s2""","=""4f7.(8S*).5d.6s2""","=""""","=""6.14980""","=""""","=""L11798""",
"=""65""","=""Tb I""","=""Terbium""","=""[Xe].4f9.6s2""","=""4f9.6s2""","=""""","=""5.8638""","=""""","=""L4277""",
"=""66""","=""Dy I""","=""Dysprosium""","=""[Xe].4f10.6s2""","=""4f10.6s2""","=""""","=""5.939061""","=""""","=""L22122""",
"=""67""","=""Ho I""","=""Holmium""","=""[Xe].4f11.6s2""","=""4f11.6s2""","=""""","=""6.0215""","=""""","=""L4277""",
"=""68""","=""Er I""","=""Erbium""","=""[Xe].4f12.6s2""","=""4f12.6s2""","=""""","=""6.1077""","=""""","=""L4277""",
"=""69""","=""Tm I""","=""Thulium""","=""[Xe].4f13.6s2""","=""4f13.(2F*).6s2""","=""""","=""6.184402""","=""""","=""L22274""",
"=""70""","=""Yb I""","=""Ytterbium""","=""[Xe].4f14.6s2""","=""4f14.6s2""","=""""","=""6.254160""","=""""","=""L4980""",
"=""71""","=""Lu I""","=""Lutetium""","=""[Xe].4f14.5d.6s2""","=""5d.6s2""","=""""","=""5.425871""","=""""","=""L10494,L1638""",
"=""72""","=""Hf I""","=""Hafnium""","=""[Xe].4f14.5d2.6s2""","=""5d2.6s2""","=""""","=""6.825070""","=""""","=""L14027,L10033""",
"=""73""","=""Ta I""","=""Tantalum""","=""[Xe].4f14.5d3.6s2""","=""5d3.6s2""","=""""","=""7.549571""","=""""","=""L13153""",
"=""74""","=""W I""","=""Tungsten""","=""[Xe].4f14.5d4.6s2""","=""5d4.6s2""","=""""","=""7.86403""","=""""","=""L11604""",
"=""75""","=""Re I""","=""Rhenium""","=""[Xe].4f14.5d5.6s2""","=""5d5.6s2""","=""""","=""7.83352""","=""""","=""L11604""",
"=""76""","=""Os I""","=""Osmium""","=""[Xe].4f14.5d6.6s2""","=""5d6.6s2""","=""""","=""8.43823""","=""""","=""L8105""",
"=""77""","=""Ir I""","=""Iridium""","=""[Xe].4f14.5d7.6s2""","=""5d7.6s2""","=""""","=""8.96702""","=""""","=""L8105""",
"=""78""","=""Pt I""","=""Platinum""","=""[Xe].4f14.5d9.6s""","=""5d9.6s""","=""""","=""8.95883""","=""""","=""L9735,L11689""",
"=""79""","=""Au I""","=""Gold""","=""[Xe].4f14.5d10.6s""","=""5d10.6s""","=""""","=""9.225554""","=""""","=""L12088""",
"=""80""","=""Hg I""","=""Mercury""","=""[Xe].4f14.5d10.6s2""","=""5d10.6s2""","=""""","=""10.437504""","=""""","=""L11931,L11984""",
"=""81""","=""Tl I""","=""Thallium""","=""[Hg].6p""","=""6s2.6p""","=""""","=""6.1082873""","=""""","=""L16353""",
"=""82""","=""Pb I""","=""Lead""","=""[Hg].6p2""","=""6s2.6p2""","=""""","=""7.4166799""","=""""","=""L11569""",
"=""83""","=""Bi I""","=""Bismuth""","=""[Hg].6p3""","=""6p3""","=""""","=""7.285516""","=""""","=""L10664,L6247""",
"=""84""","=""Po I""","=""Polonium""","=""[Hg].6p4""","=""6p4""","=""""","=""8.418070""","=""""","=""L20887,L20886""",
"=""85""","=""At I""","=""Astatine""","=""[Hg].6p5""","=""6p5""","=""""","=""9.31751""","=""""","=""L18394""",
"=""86""","=""Rn I""","=""Radon""","=""[Hg].6p6""","=""6p6""","=""""","=""10.74850""","=""""","=""L272,L7432""",
"=""87""","=""Fr I""","=""Francium""","=""[Rn].7s""","=""7s""","=""""","=""4.0727411""","=""""","=""L10714""",
"=""88""","=""Ra I""","=""Radium""","=""[Rn].7s2""","=""7s2""","=""""","=""5.2784239""","=""""","=""L4979""",
"=""89""","=""Ac I""","=""Actinium""","=""[Rn].6d.7s2""","=""6d.7s2""","=""""","=""5.380235""","=""""","=""L22136,L17893""",
"=""90""","=""Th I""","=""Thorium""","=""[Rn].6d2.7s2""","=""6d2.7s2""","=""""","=""6.30670""","=""""","=""L15992""",
"=""91""","=""Pa I""","=""Protactinium""","=""[Rn].5f2.6d.7s2""","=""5f2.6d.7s2""","=""[""","=""5.89""","=""]""","=""L16359""",
"=""92""","=""U I""","=""Uranium""","=""[Rn].5f3.6d.7s2""","=""5f3.6d.7s2""","=""""","=""6.19405""","=""""","=""L5494,L7765""",
"=""93""","=""Np I""","=""Neptunium""","=""[Rn].5f4.6d.7s2""","=""5f4.6d.7s2""","=""""","=""6.265608""","=""""","=""L23048""",
"=""94""","=""Pu I""","=""Plutonium""","=""[Rn].5f6.7s2""","=""5f6.7s2""","=""""","=""6.02576""","=""""","=""L15992,L11260""",
"=""95""","=""Am I""","=""Americium""","=""[Rn].5f7.7s2""","=""5f7.7s2""","=""""","=""5.97381""","=""""","=""L15992""",
"=""96""","=""Cm I""","=""Curium""","=""[Rn].5f7.6d.7s2""","=""5f7.6d.7s2""","=""""","=""5.992241""","=""""","=""L22423""",
"=""97""","=""Bk I""","=""Berkelium""","=""[Rn].5f9.7s2""","=""5f9.7s2""","=""""","=""6.19785""","=""""","=""L15992""",
"=""98""","=""Cf I""","=""Californium""","=""[Rn].5f10.7s2""","=""5f10.7s2""","=""""","=""6.281878""","=""""","=""L22260""",
"=""99""","=""Es I""","=""Einsteinium""","=""[Rn].5f11.7s2""","=""5f11.7s2""","=""""","=""6.36840""","=""""","=""L22449""",
"=""100""","=""Fm I""","=""Fermium""","=""[Rn].5f12.7s2""","=""5f12.7s2""","=""[""","=""6.50""","=""]""","=""L16359""",
"=""101""","=""Md I""","=""Mendelevium""","=""[Rn].5f13.7s2""","=""5f13.7s2""","=""[""","=""6.58""","=""]""","=""L16359""",
"=""102""","=""No I""","=""Nobelium""","=""[Rn].5f14.7s2""","=""7s2""","=""""","=""6.62621""","=""""","=""L20870""",
"=""103""","=""Lr I""","=""Lawrencium""","=""[Rn].5f14.7s2.7p""","=""7s2.7p""","=""""","=""4.96""","=""""","=""L21372""",
"=""104""","=""Rf I""","=""Rutherfordium""","=""[Rn].5f14.6d2.7s2""","=""6d2.7s2""","=""(""","=""6.02""","="")""","=""L19691""",
"=""105""","=""Db I""","=""Dubnium""","=""[Rn].5f14.6d3.7s2""","=""6d3.7s2""","=""(""","=""6.8""","="")""","=""L12825""",
"=""106""","=""Sg I""","=""Seaborgium""","=""[Rn].5f14.6d4.7s2""","=""6d4.7s2""","=""[""","=""7.8""","=""]""","=""L7830""",
"=""107""","=""Bh I""","=""Bohrium""","=""[Rn].5f14.6d5.7s2""","=""6d5.7s2""","=""[""","=""7.7""","=""]""","=""L13544""",
"=""108""","=""Hs I""","=""Hassium""","=""[Rn].5f14.6d6.7s2""","=""6d6.7s2""","=""[""","=""7.6""","=""]""","=""L13544""",
Notes:
(a) Designations used in the ground shell lists:
     [Ne] = 1s2.2s2.2p6
     [Ar] = 1s2.2s2.2p6.3s2.3p6
     [Kr] = 1s2.2s2.2p6.3s2.3p6.3d10.4s2.4p6
     [Cd] = 1s2.2s2.2p6.3s2.3p6.3d10.4s2.4p6.4d10.5s2
     [Xe] = 1s2.2s2.2p6.3s2.3p6.3d10.4s2.4p6.4d10.5s2.5p6
     [Hg] = 1s2.2s2.2p6.3s2.3p6.3d10.4s2.4p6.4d10.5s2.5p6.4f14.5d10.6s2
     [Rn] = 1s2.2s2.2p6.3s2.3p6.3d10.4s2.4p6.4d10.5s2.5p6.4f14.5d10.6s2.6p6
(b) Uncertainty of the listed value is unknown.
